death,name,role
1917,姚增禄,京剧武老生
1918,双阔亭,京剧老生
1919,王怀卿,京剧武生
1921,刘鸿声,京剧老生
1922,刘顺,京剧鼓师
1925,陈荣会,昆曲老生
1931,琴雪芳,京剧花旦
1931,王长林,京剧丑角
1933,王琴侬,京剧青衣
1938,杨小楼,京剧武生
1938,王又宸,京剧老生
1942,马樟花,越剧小生
1943,时慧宝,京剧老生
1944,乔清秀,河南坠子演员
1944,范宝亭,京剧武净
1958,程砚秋,京剧旦角
1965,李海泉,粤剧丑生
1971,白玉昆,京剧生角
1974,白驹荣,粤剧小生
1975,焦菊隐,京剧教师
1975,周信芳,京剧老生
1979,蔡宝华,京剧武生
1980,张仲翰,京剧票友
1982,李德才,四川扬琴演员
1983,侯喜瑞,京剧净角
1984,阳友鹤,川剧旦角
1986,刘传蘅,昆曲旦角
1986,于世德,相声演员
1989,高盛麟,京剧武生
1990,周传沧,昆曲丑角
1990,刘木铎,京剧生角
1992,靓次伯,粤剧武生
1993,尚长春,京剧武生
1993,侯宝林,相声演员
1993,潘侠风,京剧研究者
1994,李宗义,京剧老生
1995,程之,京剧票友
1995,厉慧良,京剧武生
1996,肖若兰,秦腔旦角
1997,喜彩莲,评剧旦角
1997,包传铎,昆曲老生
1999,郭荣起,相声演员
1999,魏龙豪,相声演员
2000,袁凤霞,评剧小生
2000,殷元和,京剧演员
2000,尹桂芳,越剧小生
2001,庄一拂,昆曲度曲家
2002,高英培,相声演员
2002,李鸣盛,京剧老生
2003,范成玉,京剧净角
2003,马三立,相声演员
2004,何叫天,淮剧演员
2004,侯莉君,苏州弹词演员
2005,杨志淳,相声演员
2005,于世猷,相声演员
2006,尹月樵,京剧老生
2006,王选,戏曲研究家
2006,张娴,昆曲旦角
2006,陈永玲,京剧旦角
2006,李战,豫剧教师
2006,林鑫涛,京剧琴师
2006,俞八妹,京剧老旦
2006,汪景寿,相声理论家
2007,李喜鸿,京剧旦角
2007,张洪祥,京剧净角
2007,朱璧金,昆曲作曲家
2007,万智卿,沪剧作曲家
2008,夏冬生,评书演员
2008,赵世璞,京剧净角
2008,廉月儒,单弦演员
2008,乔志良,黄梅戏导演
2008,黄泰生,泰顺提线木偶戏艺师
2009,邢湘麟,越剧老生
2009,蒋元荣,京剧丑角
2009,张文顺,相声演员
2009,陶世桐,京剧票友
2009,郑文喜,相声演员
2009,吴光辉,八角鼓票友
2010,李少楼,京剧武生
2010,宫粉红,粤剧旦角
2010,李慕良,京剧琴师
2011,马明捷,京剧研究者
2011,石文磊,苏州弹词演员
2011,于光,京剧丑角
2011,袁雪芬,越剧旦角
2011,冯光钰,曲艺音乐工作者
2012,郝德元,京剧票友
2013,易征祥,川剧小生
2013,柯亭,京剧票友
2013,王平,相声演员
2013,何立增,曲艺四胡琴师
2013,李飞龙,粤剧小生
2013,马敬伯,相声演员
2013,刘鸣洲,京剧丑角
2013,张慧声,苏州评弹弹词演员
2013,陈鹤鸣,曲艺乐师
2014,章宗义,绍剧武生
2014,裘云飞,越剧舞美设计师
2014,曹强,太原莲花落演员
2015,陈希曾,京剧老生票友
2015,隆学义,川剧剧作家
2015,单冬阳,抚州采茶戏丑角
2015,何文基,京剧
2015,袁阔成,评书演员
2015,马崇仁,京剧净角
2016,霍林,豫剧剧作者
2016,张德武,相声演员
2016,童庆礽,赣剧小生
2016,马跃,曲艺演员
2016,倪钟之,曲艺理论家
2016,许金彩,越剧花旦
2016,薛宝琨,曲艺理论家
2016,齐和昌,京剧武生
2017,马增寿,京剧丑角
2017,曹天社,豫剧须生
2017,徐勍,评书演员
1895,方镇泉,京剧净角
1918,许荫棠,京剧老生
1918,路三宝,京剧花旦
1919,张福元,京剧丑角
1921,张玉桐,河北梆子青衣
1922,何月山,京剧武生
1922,恩禹之,京剧票友
1924,春觉生,京剧票友
1926,乔荩臣,京剧票友
1928,云飘香,京剧花旦
1930,艾云飞,京剧武丑
1930,松介眉,京剧票友
1936,盛庆玉,昆曲架子花脸
1944,朱桂芳,京剧武旦
1945,金仲荪,京剧剧作家
1947,张荣奎,京剧老生
1955,张春彦,京剧老生
1959,白家麟,京剧文武老生
1962,齐如山,京剧剧作家
1963,张桂轩,京剧武生
1964,刘喜奎,河北梆子兼京剧旦角
1970,唐韵笙,京剧生角
1973,李惠仙,川剧旦角
1977,谭富英,京剧老生
1984,徐丽仙,苏州弹词演员
1984,陈世鼎,京剧架子花脸
1984,盖玉亭,京剧武生
1984,韩盛信,京剧武净
1986,高世寿,京剧武生
1986,郑大同,京剧程派研究者
1987,江世升,京剧武生
1987,刘阔漳,评书演员
1987,李宝櫆,京剧生角
1989,马连贵,京剧大锣
1992,关肃霜,京剧旦角
1992,侯佑宗,京剧鼓师
1993,高元钧,山东快书演员
1994,宋富亭,京剧武净
1994,陈素真,豫剧旦角
1994,韩德荣,京韵大鼓弦师
1995,程玉菁,京剧旦角
1995,邵传镛,昆曲净角
1996,魏喜奎,奉调大鼓
1996,姚传芗,昆曲旦角
1997,高聘卿,京剧活动家
1999,李荣岩,京剧琴师
2002,关玉峰,京剧丑角
2003,郝艳霞,西河大鼓演员
2003,于世文,京剧老生
2003,齐啸云,京剧净角
2004,贺飞,评剧作曲工作者
2004,马泰,评剧生角
2004,沈玉才,京剧琴师
2004,王茵,京剧旦角
2005,花淑兰,评剧旦角
2005,于宝林,相声演员
2005,胡沙,戏剧剧作家
2006,新韵霞,铁片大鼓演员
2006,笑嘻嘻,滑稽戏演员
2006,赵学义,京韵大鼓演员
2007,魏小云,越剧丑角
2007,厉慧敏,京剧旦角
2007,曹啸君,苏州弹词演员
2007,刘小楼,评剧小生
2007,梁慧超,京剧武生
2008,陈郑煊,闽南皮影戏艺师
2008,张德华,京剧净角
2008,王思及,京剧教师
2008,周柏春,滑稽戏演员
2009,连笑昆,相声演员
2009,王玉琴,秦腔旦角
2009,张春奎,相声演员
2010,李嘉林,京剧净角
2011,小王桂卿,京剧武生
2011,朱少云,京剧小生
2011,卢宝全,京韵大鼓弦师
2011,杨金凤,秦腔旦角
2011,丁文元,相声演员
2011,康晓虎,昆曲
2011,高一帆,京剧小生
2012,潘庆武,相声演员
2012,吴媚媚,滑稽戏演员
2012,梅兰珍,锡剧旦角
2012,张桂凤,越剧老生
2012,甄建华,京剧老生
2012,屠笑飞,越剧丑角
2013,华国荫,苏州弹词演员
2013,王荫秋,苏州弹词演员
2013,毛剑鹏,苏州评话演员
2014,屠世冲,绍剧武生
2014,赵俊良,曲艺演员
2014,刘文亮,歌仔戏音乐创作者
2014,许爱茹,扬剧旦角
2014,夏晓华,东北大鼓演员
2014,姬少戎,京剧净角
2014,张显锋,川剧民间艺人
2014,张通金,川剧武小生
2014,李明华,川剧旦角
2014,陈正柱,京剧丑角
2014,梁庆云,京剧老生
2014,李桐春,京剧武生
2015,笑林,相声演员
2015,胡发生,豫剧须生
2015,赵士良,京剧教师
2015,田文善,京剧净角
2016,崔兰玉,豫剧旦角
2016,可军,相声演员
2016,吴素秋,京剧旦角
2017,李文山,相声演员
2017,李德彬,京剧小生
2017,濮玉清,扬剧老生
2017,董铁良,相声演员
1885,樊景泰,京剧琴师
1917,谭鑫培,京剧老生
1918,刘春喜,京剧老生
1927,方秉忠,京剧笛师
1931,何佩亭,京剧武净
1936,孙佐臣,京剧琴师
1951,常宝堃,相声演员
1964,马师曾,粤剧丑生
1964,李德山,京剧琴师
1967,萧长华,京剧丑角
1968,严凤英,黄梅戏旦角
1968,高永琦,京剧老生
1971,朱斌仙,京剧丑角
1973,白玉珍,昆曲净角
1976,尚小云,京剧旦角
1977,俞大纲,京剧剧作家
1982,裘世戎,京剧净角
1983,严雪亭,苏州评弹弹词演员
1984,方传芸,昆曲旦角
1984,耿世忠,京剧老生
1986,罗荣庭,京剧老生
1986,孙盛武,京剧丑角
1989,方荣翔,京剧净角
1989,石筱英,沪剧旦角
1990,李洪春,京剧红生
1994,沈传芷,昆曲演员
1995,六岁红,评剧旦角
1996,张世麟,京剧武生
1996,俞大陆,京剧武生
1997,新马师曾,粤剧文武生
1998,新凤霞,评剧青衣
1998,魏莲芳,京剧旦角
2001,叶景林,评书演员
2001,袁金绵,京剧武净
2001,胡少安,京剧老生
2002,李丽芳,京剧旦角
2002,骆玉笙,京韵大鼓演员
2003,崔兰田,豫剧旦角
2003,吴祖光,戏剧剧作者
2003,王传蕖,昆曲旦角
2004,袁韵宜,京剧剧作家
2005,罗兰梅,豫剧旦角
2005,刘美娟,京剧旦角
2007,顾兆琪,昆曲笛师
2007,楼敦传,婺剧作曲家
2007,赵世忠,相声演员
2008,赓金群,京剧鼓师
2008,吴君玉,苏州评话演员
2008,孔幼平,南京评话演员
2009,叶绍德,粤剧编剧家
2009,唐耿良,苏州评话演员
2011,陈鸣志,相声演员
2011,富淑媛,京韵大鼓演员
2011,刘淑萍,评剧旦角
2011,刘英男,相声史论研究者
2011,何顺信,京剧琴师
2011,李继宗,评剧小生
2011,周瑞深,昆曲曲家
2012,柳萱图,昆曲度曲家
2013,白英杰,相声演员
2013,王冠亚,黄梅戏编剧
2013,张国良,苏州评话演员
2013,蒋慕萍,京剧老生
2013,贾连芳,西河大鼓演员
2014,宋昌林,京剧净角
2014,王双柏,滑稽戏演员
2014,武正霜,京剧旦角
2014,陆恺章,京剧票友
2015,何冠奇,京剧编导
2015,左胜利,黄梅戏丑角
2015,苏文茂,相声演员
2015,白奉霖,曲艺音乐家
2015,辛克正,相声演员
2016,新岚云,京韵大鼓演员
2016,刘绿萍,杭剧旦角
2016,吴雅童,锡剧小生
2016,阚永生,京剧琴师
2016,罗家宝,粤剧小生
2016,梅葆玖,京剧旦角
2016,严燕君,苏州弹词演员
2017,齐晓春,秦腔须生
2017,徐玉兰,越剧小生
1888,贾祥瑞,京剧琴师
1923,茹莱卿,京剧武生
1923,韩玉春,京剧丑角
1931,顾传琳,昆曲小生
1931,田桂凤,京剧花旦
1943,余叔岩,京剧老生
1947,汪润泉,滇剧小生
1960,殷震贤,昆曲名票
1962,李桂春,京剧老生
1963,刘砚芳,京剧老生
1966,郭三增,京剧武生
1968,竺水招,越剧小生
1977,周传铮,昆曲净角
1977,孟小冬,京剧老生
1987,王传淞,昆曲演员
1987,谭世英,京剧净角
1989,丁至云,京剧旦角
1989,马飞,潮剧导演
1990,荀令莱,京剧旦角
1990,厉慧兰,京剧老生
1992,李忆兰,评剧旦角
1993,白全福,相声演员
1994,周明泰,戏曲研究家
1994,江世玉,京剧小生
1994,王玉蓉,京剧旦角
1996,裘少戎,京剧净角
1996,邹功甫,京剧老生
1997,汪曾祺,戏曲作家
1997,张君秋,京剧旦角
1999,宋桂玲,豫剧旦角
2000,曹汉昌,苏州评话演员
2000,程正泰,京剧老生
2000,梅葆玥,京剧老生
2001,庞贵生,八角鼓票友
2001,梁左,相声创作者
2003,刘云亭,西河大鼓演员
2003,杜奎三,京剧琴师
2004,孙岳,京剧老生
2004,冯宝华,相声演员
2004,常香玉,豫剧旦角
2005,金幼实,相声演员
2005,李世章,京剧老生
2005,张鸣禄,京剧演员
2005,张世年,京剧丑角
2005,高美芬,京剧活动家
2006,孔雀屏,粤剧旦角
2007,赵永泉,京剧净角
2007,刘艳霞,梅花大鼓演员
2007,王荣增,京剧老生
2007,杨企雯,锡剧旦角
2008,杨振言,苏州弹词演员
2008,杨文镛,京剧票友
2008,白玉薇,京剧旦角
2008,汪庆元,京剧生角
2009,许嘉宝,京剧旦角
2009,魏筱灵,粤剧旦角
2009,李文华,相声演员
2009,郝聘芝,上党梆子旦角
2010,徐天红,越剧老生
2010,新谷莺,京剧旦角
2010,周仲春,京剧武生
2011,虞化龙,京剧琴师
2011,张昆吾,曲艺理论家
2012,李广伯,京剧琴师
2012,王世霞,京剧小生
2013,邹忠新,金钱板演员
2013,李志良,京剧琴师
2013,胡国梁,苏州弹词演员
2013,张方平,秦腔须生
2013,董湘昆,京东大鼓演员
2014,朱石凤,莆仙戏旦角
2014,沐居容,京剧琴师
2014,何恕,京剧票友
2014,吴小如,京剧史论工作者
2014,胡启明,京剧琴师
2014,沈孝昌,昆曲曲友
2014,绿杨,滑稽戏演员
2015,张春秋,京剧旦角
2015,程玉英,晋剧青衣
2015,李宝琴,泗州戏旦角
2015,林金培,京剧老生
2015,田有仓,西河大鼓演员
2015,孙砚琴,北京曲剧演员
2015,刘宗琴,河南坠子演员
2016,李世济,京剧青衣
2016,刘小琴,闽剧旦角
2016,陈小汉,粤剧文武生演员
2016,王金璐,京剧武生
2017,刘嘉昌,梅花大鼓演员
2017,张奎清,相声演员
1889,程章圃,京剧鼓师
1900,时小福,京剧青衣
1908,汪桂芬,京剧老生
1922,孙培亭,河北梆子老生
1923,耿百岁,京剧丑角
1928,谭嘉祥,京剧武旦
1932,龚云甫,京剧老旦
1935,侯峻山,山西梆子
1936,刘盛莲,京剧花旦
1937,张采林,京剧小生
1939,余玉琴,京剧花旦
1942,言菊朋,京剧老生
1942,程继先,京剧小生
1944,孙怡云,京剧青衣
1953,王文鹏,秦腔须生
1954,王瑶卿,京剧青衣
1954,筱桂花,晋剧旦角
1958,王少卿,京剧琴师
1967,司徒慧聪,川剧生角
1968,白玉琼,川剧旦角
1971,许翰英,京剧旦角
1973,赵培鑫,京剧老生
1978,叶盛兰,京剧小生
1981,侯永奎,北方昆曲演员
1983,洛汀,京剧
1985,孙柏龄,京剧老生
1987,储金鹏,京剧小生
1987,王泉奎,京剧净角
1988,叶龙章,京剧组织工作者
1989,刘盛通,京剧老生
1993,张光茹,川剧旦角
1993,郑奕奏,闽剧旦角
1993,醉丽君,京剧旦角
1993,俞振飞,京剧
1994,翁偶虹,京剧编剧
1995,哈元章,京剧老生
1996,郑传鉴,昆曲老生
1998,牛得草,豫剧丑角
1999,汪健君,昆曲度曲家
2000,李广仁,京剧净角
2002,刘梓钰,相声史论研究者
2003,马益长,京剧武丑
2003,顾锡东,戏剧作家
2004,桑振君,豫剧旦角
2004,郭全宝,相声演员
2005,段丽君,京剧旦角
2006,来宝刚,快板演员
2006,陈琦,越剧小生
2006,张成全,相声
2006,赵书勤,川剧武生
2007,侯耀文,相声演员
2007,唐在炘,京剧琴师
2007,朱玉安,京剧丑角
2007,郑盛芗,京剧小生
2008,刘德一,川剧丑角
2009,于质彬,京剧史家
2009,关翠兰,梅花大鼓演员
2009,王志涛,相声演员
2009,杨兰春,豫剧编剧
2009,张美琴,晋剧须生
2010,郭云涛,京剧老生
2011,陈四文,潮汕讲古演员
2011,李慧芳,京剧旦角
2011,曹世嘉,京剧老生
2012,白玉艳,京剧旦角
2012,何玉蓉,京剧老生
2012,耿慧敏,京剧琴师
2012,范石人,京剧票友
2012,张玉兆,河北梆子鼓师
2012,沈宝桢,京剧武生
2012,刘曾复,京剧史论研究者
2012,周金莲,京剧旦角
2012,杨观复,沪剧导演
2013,詹剑峰,闽剧小生
2013,刘建元,京剧净角
2013,牛桂英,晋剧旦角
2013,李阳鸣,京剧武生
2013,郑永蘅,京剧旦角
2013,邵怀民,昆曲票友
2013,张志奎,河北梆子武丑
2013,武正豪,京剧老生
2013,顾永湘,京剧琴师
2013,常贵祥,京剧武丑
2013,李世荣,京剧琴师
2014,郭仲英,京剧旦角
2014,王超群,京剧武生
2014,梁国英,淮剧旦角
2014,程永江,京剧史论研究者
2014,王家熙,京剧评论家
2014,王亨恺,昆曲小生
2015,秦中英,粤剧编剧
2016,黄铁良,相声演员
1866,余三胜,京剧老生
1885,王九龄,京剧老生
1890,杨月楼,京剧武生
1895,钱宝峰,京剧净角
1920,徐宝芳,京剧小生
1922,陆金桂,京剧丑角
1928,刘昭容,京剧花旦
1929,乔蕙兰,昆曲旦角
1930,朱素云,京剧小生
1931,孙菊仙,京剧老生
1931,李佩卿,京剧旦角
1931,陈啸云,京剧青衣
1932,范福泰,京剧武净
1934,孙仁玉,秦腔剧作者
1934,傅小山,京剧武丑
1936,茹锡九,京剧武生
1939,阎岚秋,京剧武旦
1941,刘翠霞,评剧旦角
1942,白玉霜,评剧旦角
1950,爱新觉罗·溥侗,京剧票友
1951,刘广文,相声演员
1955,尤彩云,昆剧演员
1961,田瑞庭,昆曲笛师
1961,梅兰芳,京剧旦角
1967,陈少霖,京剧老生
1969,贯大元,京剧老生
1970,张寿臣,相声演员
1971,潘鼎新,京剧老生
1971,连阔如,评书演员
1972,姜妙香,京剧小生
1972,固桐晟,评书演员
1974,李多奎,京剧老旦
1974,封至模,秦腔剧作家
1979,李世源,京剧老生
1980,张玉贵,宁夏小曲演员
1982,刘毓中,秦腔生角
1983,史若虚,戏曲教育家
1984,宋德珠,京剧武旦
1986,王少舫,黄梅戏小生
1990,李小春,京剧武生
1993,鲜灵霞,评剧旦角
1994,杨荣环,京剧旦角
1995,童芷苓,京剧旦角
1995,申凤梅,河南越调生角
1996,阎立品,豫剧旦角
1998,阎世喜,京剧丑角
1999,黄元庆,京剧武生
2000,陈宪章,豫剧编导
2000,赵丽蓉,评剧旦角
2002,刘洪元,单弦名票
2003,孙玉奎,相声演员
2003,马宗慧,京剧旦角
2003,韩少云,评剧旦角
2004,张永贤,京剧净角
2004,夏雨田,相声演员
2004,李环春,京剧武生
2005,鲍绮瑜,京剧旦角
2005,杨兆利,河北梆子演员
2005,秋楚笙,京剧演员
2005,张二鹏,京剧武生
2006,柯立正,潮剧丑角
2006,黄金璧,京剧武生
2007,倪海天,京剧武生
2007,白文彪,粤剧演员
2007,邵滨孙,沪剧生角
2007,杨兴,秦腔编剧
2007,董长禄,相声演员
2007,陈学礼,南管艺人
2008,李玉茹,京剧旦角
2008,王彬彬,锡剧小生
2008,徐俊,京剧老旦
2009,景荣庆,京剧净角
2009,王凤朝,京剧鼓师
2010,罗品超,粤剧文武生演员
2010,郭金光,京剧武丑
2010,张鑫海,京剧鼓师
2010,李慧春,京剧生角
2010,周玉峰,常州评话演员
2010,小毛剑秋,京剧旦角
2011,刘乃崇,戏曲理论家
2012,李可,京剧武生
2012,张学海,京剧老生
2013,殷宝忠,京剧老生
2013,武筱凤,淮剧旦角
2013,朱秀英,蒲剧旦角
2013,黄永生,上海说唱演员
2014,王贯英,保定老调须生
2014,曲咏春,京剧武生
2014,贺世忠,越剧教师
2014,高孝先,越调生角
2014,包会申,单弦演员
2014,黄玉华,京剧旦角
2014,吴咏梅,南音说唱演员
2015,张永熙,相声演员
2015,史行,越剧编导
2015,许桂枝,黄梅戏旦角
2015,林家声,粤剧文武生
2015,叶茂昌,快板书演员
2016,张胜英,黄梅戏旦角
2016,刘林仙,评书演员
2016,李毓芳,京剧旦角
1894,刘赶三,京剧丑角
1900,杨隆寿,京剧武生
1908,王楞仙,京剧小生
1930,高士杰,京剧丑角
1932,吴铁菴,京剧老生
1933,朱幼芬,京剧青衣
1941,慈瑞泉,京剧丑角
1948,金少山,京剧净角
1954,沈富贵,京剧武生
1955,洪深,戏曲剧作者
1958,杨盛春,京剧武生
1962,郭元汾,京剧净角
1966,老舍,京剧
1966,韩俊卿,河北梆子旦角
1966,费文治,京剧琴师
1966,小盛春,京剧武生
1966,言慧珠,京剧旦角
1972,白云生,昆曲小生
1975,王永昌,京剧净角
1977,于会泳,京剧音乐工作者
1983,尚长麟,京剧旦角
1985,李万春,京剧生角
1987,范哈哈,滑稽戏演员
1988,金开芳,评剧旦角
1988,陈青远,东北大鼓演员
1990,敖学祺,川剧音乐编辑家
1990,薛传钢,昆曲净角
1990,许姬传,昆曲业余曲家
1990,郭元祥,京剧丑角
1991,孙宝才,相声演员
1992,徐元珊,京剧武生
1993,吴本贞,晋剧生角
1997,李玉芝,京剧旦角
1997,虞俊芳,京剧
1998,杨荣楼,京剧武净
2001,蒋月泉,苏州弹词演员
2001,常警惕,豫剧文武小生
2002,程世杰,京剧净角
2003,邢松岩,京剧票友
2003,华素琴,扬剧旦角
2003,张素英,京剧琴师
2004,戴雪如,川剧旦角
2004,李鑫荃,评书演员
2004,高秀英,扬剧旦角
2004,朱金琴,京剧老生
2005,张世兰,京剧小生
2005,汪保琦,曲艺
2005,高秀敏,二人转演员
2006,张新芳,河南曲剧旦角
2006,杨好,歌仔戏小生
2007,许仁敬,潮剧花脸
2007,徐世光,京剧净角
2008,薛静珍,锡剧旦角
2008,赵培忠,京剧票友
2008,李蓉芳,京剧旦角
2008,金福田,京剧票友
2009,苏敬武,京剧净角
2009,杨秋玲,京剧旦角
2010,云燕铭,京剧旦角
2010,郎筠玉,粤剧旦角
2010,李金鸿,京剧旦角
2011,丁震春,京剧武生
2011,马聚泉,曲艺演员
2011,赵桐光,京韵大鼓演员
2011,梁汉威,粤剧武生
2012,张醉地,滑稽戏演员
2012,肖甲,京剧导演
2012,杨金声,相声演员
2012,丁立刚,京剧老生
2012,祝宽,京剧
2012,薛小飞,苏州评弹弹词演员
2012,徐双飞,滑稽戏演员
2013,陈剑声,粤剧文武生
2013,张丽华,评剧旦角
2013,南奇,京剧票友
2014,呼少起,京剧琴票
2014,刘吉典,京剧作曲工作者
2015,筱兰芳,绍剧旦角
2015,熊志麟,京剧丑角
2015,夏文兰,相声演员
2015,周剑萍,苏州评弹弹词演员
2015,刘剑士,滑稽戏编剧
2015,武丽娟,淮剧旦角
2016,毕春芳,越剧小生
2016,薛正康,京剧小生
2016,顾正秋,京剧旦角
2016,叶鸣兰,京剧小生
2016,王柏荫,苏州评弹弹词演员
2016,阮凤娥,杭剧
2016,朱学,秦腔剧作家
1912,梅雨田,京剧琴师
1923,文瑞图,京剧票友
1924,罗瘿公,京剧剧作家
1937,钱金福,京剧武净
1938,李吉瑞,京剧武生
1938,曹心泉,戏曲音乐家
1939,陶显庭,昆曲老生
1941,冯蕙林,京剧小生
1942,刘宝全,京韵大鼓演员
1944,马连昆,京剧净角
1947,筱丹桂,越剧旦角
1959,唐涤生,粤剧编剧
1962,欧阳予倩,京剧旦角
1965,宋茂林,晋剧须生
1968,刘宝瑞,相声演员
1969,马富禄,京剧丑角
1970,载涛,京剧票友
1971,裘盛戎,京剧净角
1975,李少春,京剧武生
1977,周筱芳,淮剧小生
1978,黄桂秋,京剧旦角
1980,白凤鸣,京韵大鼓演员
1981,孙盛文,京剧净角
1989,席宝昆,评剧小生
1989,姚世茹,京剧武生
1990,李润杰,快板书创始人
1990,俞平伯,昆曲研究者
1991,孟丽君,京剧旦角
1992,王连平,京剧教师
1994,郑亦秋,京剧老生
1994,洪雪飞,昆曲演员
1994,马盛龙,京剧老生
1999,郭明霞,秦腔旦角
2000,周正荣,京剧老生
2001,高蕙兰,京剧小生
2001,李世琦,京剧老生
2001,王世臣,相声演员
2001,刘文亨,相声演员
2001,谢国祥,京剧组织工作者
2003,孙荣蕙,京剧旦角
2004,袁玉堃,川剧小生
2004,姚慕双,滑稽戏演员
2004,刘玉麟,京剧小生
2005,梅绍武,戏曲研究者
2005,张子平,京剧活动家
2006,杨秋雯,京剧旦角
2006,关学曾,北京琴书演员
2006,李少岩,评剧小生
2006,范元濂,京剧丑角
2006,姚月芝,山东梆子旦角
2006,李永玲,四川谐剧演员
2006,贾有福,小锣书演员
2006,温尚全,桂剧文武老生
2007,张伯扬,单弦演员
2008,新艳秋,京剧旦角
2008,赵连升,相声演员
2008,刘洪滨,山东快书演员
2009,李金声,京剧红生
2009,乔凤楼,京韵大鼓演员
2009,李韵章,京剧生角
2009,张玉禅,京剧武生
2010,郭玉昆,京剧武生
2010,倪传钺,昆曲演员
2010,于鸣奎,京剧净角
2011,张红霞,评书演员
2011,汤乃秋,苏州评弹弹词演员
2012,陈佩卿,越剧小生
2012,刘茂发,京剧武场乐师
2012,张永远,京剧小生
2012,江涛,越剧小生
2012,海连池,河南曲剧花脸
2012,尹良俗,秦腔小生
2013,李福安,评剧生角
2013,熊剑啸,楚剧丑角
2013,林锦堂,粤剧文武生
2013,筱文艳,淮剧旦角
2013,徐艳琴,豫剧旦角
2013,叶惠农,昆曲度曲家
2014,蒋锡武,京剧剧作者
2014,吕香君,京剧旦角
2014,李薇华,京剧旦角
2014,曹韵清,京剧老生
2014,张少楼,京剧老生
2015,谢宠,陇剧剧作者
2015,常贵德,相声演员
2015,黄正勤,京剧小生
2016,潘月红,京剧老生
2016,王盘声,沪剧老生
2016,王振芳,绍剧老生
2016,徐笑灵,滑稽戏演员
2016,李彦生,相声演员
2016,冯玉增,京剧丑角
1900,陆昌立,京剧琴师
1917,贾洪林,京剧老生
1918,汪笑侬,京剧老生
1920,石韫玉,京剧青衣
1924,金月梅,京剧花旦
1929,罗福山,京剧老旦
1932,李寿山,京剧净角
1937,高联奎,京剧琴师
1939,侯益隆,昆曲净角
1941,王荣山,京剧老生
1941,尹小峰,京剧净角
1947,林树森,京剧老生
1956,薛觉先,粤剧演员
1965,刘奎官,京剧花脸
1965,马健翎,戏曲作家
1966,厉慧斌,京剧净角
1970,梁益鸣,京剧老生
1976,周麟阁,梅花大鼓票友
1978,齐燕铭,戏曲编导
1978,张蝶芬,京剧旦角
1982,孙盛辅,京剧老生
1984,麦炳荣,粤剧小生
1985,高少亭,京剧老生
1987,许思言,京剧剧作者
1988,筱桂花,评剧旦角
1991,尚荣芳,京剧旦角
1992,小岚云,京韵大鼓演员
1996,李斯忠,豫剧净角
1996,王元纲,京剧武生
1996,侯玉山,北方昆曲花脸
1997,刘元彤,京剧旦角
1998,丁建中,评书演员
1999,李紫贵,京剧老生
1999,王士英,京剧生角
2000,林道修,琼剧旦角
2000,李斌植,京剧武场乐师
2001,王吟秋,京剧旦角
2002,米玉文,京剧武生
2002,纪玉良,京剧老生
2003,朱家溍,戏曲研究家
2004,李元瑞,京剧武生
2004,彭子富,曲艺演员
2005,刘志鹏,陕西快书创始人
2005,秦小梨,粤剧旦角
2005,王世续,京剧老生
2005,吴同宾,戏曲理论家
2006,王琴生,京剧老生
2006,张元奎,京剧净角
2006,许东升,京剧票友
2006,曹同凯,京剧鼓师
2006,朱文相,戏曲理论家
2007,杨荣斌,京剧老生
2007,李兴堂,济南皮影戏艺师
2007,朱国玲,川剧教师
2007,陈圻,婺剧导演
2007,张筱贤,京剧老生
2007,王蔼民,秦腔武生
2007,阎世善,京剧武旦
2009,高笑林,相声演员
2009,黄云鹏,京剧武生
2009,郝艳芳,西河大鼓演员
2009,杨瑞库,相声演员
2010,张惠新,昆曲度曲家
2010,徐进,越剧编剧
2010,祁荣雯,京剧小生
2011,瞿剑英,苏州评弹弹词演员
2011,王泳泉,京剧琴师
2011,刘雪涛,京剧小生
2011,胡仲仁,相声演员
2011,王景明,评剧丑角
2012,陈楚蕙,潮剧小生
2012,尹少桐,京剧丑角
2012,李甫春,京剧老生
2013,缪以煊,相声演员
2013,新艳琴,评剧旦角
2013,张君谋,苏州弹词演员
2013,付振江,相声演员
2013,黄佩珠,西河大鼓
2014,杨双赫,京剧老生
2014,杨博森,京剧净角
2014,高绍清,山东快书演员
2014,王克图,京剧琴师
2014,孔宪珠,粤剧演员
2014,郎德沣,相声创作者
2014,那正鑫,京剧武生
2015,傅马潮,绍剧老生兼花脸
2015,费名琰,京剧琴师
2015,柳青,歌仔戏小生
2015,陈增堃,京剧教师
2016,厉慧福,京剧净角
1889,张云亭,京剧老旦
1919,阎金福,京剧老旦
1919,李顺亭,京剧老生
1921,张淇林,京剧武生
1921,张紫仙,昆曲旦角
1932,杨孝芳,京剧武生
1938,锡子刚,京剧文场
1941,苏雨卿,京剧青衣
1956,吴鸣申,京剧武生
1961,郝寿臣,京剧净角
1968,雷喜福,京剧老生
1968,田汉,戏曲作家
1971,王庾生,京剧票友
1976,韩世昌,昆曲旦角
1976,姚水娟,越剧旦角
1977,钱富川,京剧武生
1977,奚啸伯,京剧老生
1982,曹艺斌,京剧文武老生
1982,孟遏云,秦腔旦角
1984,言少朋,京剧老生
1984,马最良,京剧老生
1986,黄益安,京剧武生
1986,穆祥林,相声演员
1986,郭少衡,京剧老生
1987,沈传锟,昆曲净角
1987,胡盛岩,京剧老生
1988,潘璟琍,黄梅戏旦角
1990,白登云,京剧鼓师
1992,荀令香,京剧旦角
1994,杨立德,山东快书演员
1996,陶钝,曲艺研究家
1997,夏韵龙,京剧净角
1997,王决,曲艺编辑家
1998,李庆春,京剧文武大小花脸
1999,刘韵成,京剧武生
1999,张世桐,京剧净角
2000,管韵华,京剧老生
2005,茹元俊,京剧武生
2005,赵春芳,沪剧生角
2005,杨沔,京剧研究家
2005,杨满元,秦腔板胡琴师
2005,蔡瑶铣,昆曲演员
2006,赵铮,河南坠子演员
2006,王基笑,豫剧作曲家
2006,王官福,川剧鼓师
2007,邢竹琴,越剧旦角
2007,陈安业,川剧作曲家
2007,魏云,豫剧旦角
2008,熊承旭,京剧琴师
2008,董文华,京剧武生
2008,王华运,湘剧小生
2008,范振钰,相声演员
2008,唐云峰,川剧丑角
2009,翁意福,大数子演员
2009,马少波,京剧剧作家
2009,李真,扬州评话演员
2009,陆松龄,京剧琴师
2010,孙镇业,山东快书演员
2010,陶蓉,相声演员
2010,李加成,京剧票友
2010,筱高雪樵,京剧武生
2010,毕高修,京剧小生
2010,倪国桢,川剧剧作者
2011,孟筱伯,京剧老生
2011,陈光耀,潮剧老生
2011,王学义,曲艺演员
2012,汪正华,京剧老生
2012,冯霞,评剧导演
2012,陆耀良,苏州评话演员
2012,郭砚芳,评剧旦角
2012,筱声咪,滑稽戏演员
2013,筱俊亭,评剧旦角
2013,王保易,秦腔须生
2013,俞丽萍,苏州弹词演员
2013,刘景荣,京剧票友
2013,马健,曲艺琴师
2013,黄天麟,京剧琴师
2014,洪云艳,京剧旦角
2014,迟云峰,山东快书演员
2015,闵玲娣,京剧老旦
2015,花月仙,评剧旦角
2015,贠宗翰,秦腔须生
2015,刘立福,评书演员
2016,江新蓉,京剧旦角
2016,彭延坤,长沙弹词演员
2016,回婉华,相声演员
2016,李信堂,扬州评话演员
2016,马长礼,京剧老生
1882,梅巧玲,京剧青衣
1905,刘兆奎,昆曲鼓师
1918,李寿峰,京剧老生
1922,张文斌,京剧丑角
1927,姚玉英,京剧青衣
1929,仲盛珍,京剧花旦
1933,裘桂仙,京剧净角
1935,时玉奎,京剧净角
1935,叶春善,京剧教育家
1937,甄洪奎,京剧老生
1945,周瑞安,京剧武生
1966,马连良,京剧老生
1966,苏育民,秦腔小生兼须生
1967,于连泉,京剧花旦
1967,小白玉霜,评剧旦角
1967,杨宝忠,京剧老生
1968,荀慧生,京剧旦角
1968,王玉山,晋剧旦角
1968,唐彬如,川剧净角
1969,罗盛远,京剧净角
1970,王燮元,京剧鼓师
1973,李正敏,秦腔旦角
1974,诸茹香,京剧花旦
1975,华传浩,昆曲丑角
1977,徐兰沅,京剧琴师
1977,刘梅村,吕剧作家
1980,楚岫云,粤剧正印花旦
1980,梁连柱,京剧净角
1982,靓少佳,粤剧武生
1984,丁赛君,越剧小生
1984,邢威明,京剧老生
1985,彭俐侬,湘剧旦角
1986,雪艳琴,京剧旦角
1986,沈玉斌,京剧琴师
1988,马彦祥,戏曲导演
1988,周企何,川剧丑角
1989,任剑辉,粤剧文武生
1991,贯盛习,京剧老生
1992,凤凰女,粤剧正印花旦
1994,蒙显德,山东快书演员
1994,齐信英,评书演员
1994,毛世来,京剧旦角
1994,阿甲,戏曲导演兼理论家
1995,郭文龙,京剧教师
1996,陈书舫,川剧旦角
1998,迟世恭,京剧老生
1999,谭世秀,京剧鼓师
1999,从鸿逵,京剧票友
1999,桂遇秋,黄梅戏史论研究者
2000,萧盛萱,京剧丑角
2002,袁世海,京剧净角
2002,白其麟,京剧丑角
2003,钮荣亮,京剧丑角
2003,羊兰芬,河北梆子
2004,诸世芬,京剧小生
2005,辜振甫,京剧票友
2005,黄小秋,京剧旦角
2006,马季,相声演员
2006,陆地园,京剧老生
2006,王熙春,京剧旦角
2007,黄奕缺,泉州木偶戏艺师
2007,李丹林,京剧旦角
2007,汪芝琳,京剧老生
2007,周文茹,梅花大鼓演员
2007,王辅生,秦腔丑角
2007,陈正庆,商洛花鼓戏剧作家
2008,赵永福,川剧鼓师
2008,汪瀚,京剧票友
2008,崇元碧,京剧武旦
2008,黑永宽,京剧票友
2009,朱东韵,越剧花旦
2010,范克峻,秦腔理论家
2010,余笑予,楚剧
2010,周少麟,京剧老生
2010,汪玉祥,京剧丑角
2011,孙书筠,京韵大鼓演员
2011,高家兰,八角鼓单弦票友
2011,靳学斌,京剧小生
2012,张学津,京剧老生
2012,姜凤山,京剧琴师
2012,朱云鹏,京剧老生
2012,王惠玉,京剧票友
2012,王双庆,滑稽戏演员
2013,张振华,苏州弹词演员
2013,金炳昶,相声演员
2013,沈韵秋,苏州弹词演员
2013,吴碧波,豫剧旦角
2013,荆剑鹏,京剧武生
2013,红线女,粤剧旦角
2013,李志鹏,八角鼓单弦演员
2013,赵鸣深,京剧武生
2013,田连章,西河大鼓演员
2013,杨蒲生,京剧评论家
2014,筱艳秋,绍剧旦角
2014,丁宝祥,相声演员
2014,钳韵宏,京剧净角
2014,孙元坡,京剧净角
2015,魏振山,京剧票友
2015,陈茶花,瓯剧旦角
2015,常宝霆,相声演员
2015,蒋霭秉,京剧琴师
2015,王四郎,粤剧武生
2015,张新尚,眉户戏须生
2015,谭世强,京剧武场面
2016,金玉书,京剧琴师
2016,谷春章,京剧丑角
2016,贺孝忠,越剧琴师
2016,曾鸿春,京剧武生
2016,筱麟童,越剧丑角
2016,周宝奎,越剧老旦
1880,程长庚,京剧老生
1904,陈寿峰,昆曲文武老生
1911,郝春年,京剧鼓师
1917,谢宝云,京剧老旦
1920,李连仲,京剧净角
1922,扎兰卿,京剧鼓师
1923,杨孝亭,京剧花旦
1927,刘汉臣,京剧老生
1927,高三奎,京剧老生
1927,王连浦,京剧净角
1929,朱文英,京剧武旦
1931,朱天祥,京剧老生
1931,殷连瑞,京剧武生
1932,郭仲衡,京剧老生
1936,耿俊峰,京剧鼓师
1939,俞振庭,京剧武生
1942,高庆奎,京剧老生
1947,李世芳,京剧旦角
1955,陈士和,评书演员
1958,杨宝森,京剧老生
1965,顾传玠,昆曲小生
1967,关啸彬,楚剧旦角
1967,王少楼,京剧老生
1971,盖叫天,京剧武生
1972,黄玉斗,潮剧乌衫角
1974,朱传茗,昆曲旦角
1978,徐敏初,京剧老生
1980,张德俊,京剧武生
1980,福芝芳,京剧旦角
1981,薛恩厚,京剧演员
1983,陈富年,戏曲音乐家
1988,于枢海,评书演员
1988,周传瑛,昆曲演员
1990,张永禄,京剧丑角
1990,李盛藻,京剧老生
1992,陈全波,川剧丑角
1994,童慧荃,京剧武净
1995,雷元硕,京剧老旦
1995,李玉书,京剧老生
1996,赵荣琛,京剧旦角
1998,范延东,山东快书演员
2000,王正屏,京剧净角
2001,李和曾,京剧老生
2001,张玉林,八角鼓票友
2003,奚延宏,京剧净角
2003,戚雅仙,越剧花旦
2003,赵又愚,川剧丑角
2004,张似云,京剧琴师
2005,苏盛琴,京剧琴师
2005,艳桂荣,西河大鼓演员
2005,蒋健兰,戏曲研究者
2006,崔荣英,京剧旦角
2006,董少英,京剧老生
2006,朱福侠,京剧小生
2006,李箴民,秦腔武旦
2006,程梓贤,评书演员
2007,李茹茵,评剧旦角
2007,王玉磬,河北梆子老生
2007,方英培,京剧老生
2007,李政春,二人转演员
2007,俞麟童,沪剧演员
2007,黄海岱,台湾布袋戏艺师
2007,赵文奎,京剧净角
2007,马永安,京剧净角
2008,罗君国,思南花灯戏演员
2008,金月楼,越剧小生
2008,杨胜先,思南花灯戏演员
2008,翟韵奎,京剧武丑
2008,王砚如,京剧生角
2008,李多芬,京剧老旦
2008,张俊功,陕北说书演员
2008,张古愚,京剧史论
2009,白云峰,粤剧武生
2009,何海莹,粤剧花旦
2009,李世霖,京剧老生
2009,李砚秀,京剧旦角
2010,谢黛林,京剧旦角
2010,陈妙华,秦腔文武小生
2011,李荣威,京剧净角
2011,惠兆龙,扬州评话演员
2011,李舒,京剧老生
2011,梁少垣,京剧鼓师
2011,王敬乐,秦腔
2011,张延培,京剧音乐创作者
2011,杨曼华,京韵大鼓演员
2011,王铁本,京剧琴师
2011,李淑君,昆曲旦角
2012,马秀英,淮剧旦角
2012,张金梁,京剧丑角
2012,李金泉,京剧老旦
2013,朱剑庭,苏州弹词演员
2013,于佑福,相声演员
2013,宋百存,秦腔净角
2013,苏丹,评剧舞台美术灯光设计师
2013,张运喜,川剧丑角
2013,汪荣汉,京剧丑角
2013,许月忠,苏州弹词演员
2013,傅锦华,彩调旦角
2013,魏梅照,越剧文武老生
2013,王俊玲,京剧武旦
2014,曹织云,苏州弹词演员
2014,谢许萍苏,京剧票友
2014,翁双杰,滑稽戏演员
2014,张义奎,京剧净角
2014,方月仿,湖北汉剧剧作者
2014,张荣培,京剧老生
2014,李明华,昆曲闺门旦
2014,杜国芝,相声演员
2014,陈平,婺剧组织工作者
2014,吕明发,秦腔须生
2015,万一英,京剧老旦
2015,陈伯华,湖北汉剧旦角
2015,朱秋僧,滑稽戏演员
2015,张巧珍,楚剧旦角
2015,陆锦娟,越剧小生
2015,王则昭,京剧老生
2015,郑培英,粤剧旦角
2015,招石文,粤剧武生
2015,吴思谦,湖北汉剧老生
2015,熊正坤,川剧导演
2016,范继信,昆曲丑角
2016,王玉田,京剧净角
2016,孙天申,昆曲度曲家
2016,许欣,豫剧导演
2017,马静宜,京韵大鼓演员
2017,龚华声,苏州弹词演员
2017,巫明霞,歌仔戏小生
2017,黄孝慈,京剧旦角
2017,陶醉娟,滑稽戏演员
2017,喻海燕,川剧旦角
2017,吴双艺,滑稽戏演员
2017,赵炳啸,京剧净角
2004,筱樊春楼,京剧老生
2004,高宝贤,京剧老生
1993,宋遇春,京剧武生
1925,田际云,京剧花旦
1944,于莲仙,京剧花旦
1944,蔡荣贵,京剧老生
2001,叶盛长,京剧老生
2012,杨飞飞,沪剧旦角
2012,吴荣喜,京剧文武老生
2012,杨华生,滑稽戏演员
2012,赵云鹤,京剧生角
2012,艾世菊,京剧丑角
2012,林雅雯,京剧老旦
1990,刘斌昆,京剧丑角
1990,沈金波,京剧老生
1998,吴江秋,京剧旦角
2009,刘学智,山东快书演员
2009,时佩璞,京剧小生
2009,李传灿,台湾布袋戏艺师
2009,曹毅琳,京剧旦角
2009,关正明,京剧老生
1968,金金奎,晋剧丑角
1968,詹世辅,京剧丑角
2006,杨觉民,秦腔小生
2006,关海山,粤剧小生
2014,谢平安,戏曲导演
2014,蔡俊,京剧琴师
2014,唐世辛,京剧净角
2014,孙普协,川剧净角
1984,袁金凯,京剧武生
